market_id,asset,slug,market_end_time_utc,cp1_time_utc,cp2_time_utc,cp1_fut,cp2_fut,momentum,signal,token_id,entry_time_utc,entry_price,resolved_label,payout_per_share,pnl_per_share,source_side,notional_pnl,base_stake_usd,base_shares,base_pnl_usd,fut_1230_price,fut_1430_price,add20_1230_triggered,add20_1430_triggered,add20_1230_stake_usd,add20_1430_stake_usd,add20_1230_entry_price,add20_1430_entry_price,add20_1230_pnl_usd,add20_1430_pnl_usd,new_total_stake_usd,new_total_pnl_usd
731208,SPX,spx-up-or-down-on-december-1-2025,2025-12-01 21:00:00+00:00,2025-12-01 15:00:00+00:00,2025-12-01 15:30:00+00:00,6841.5,6821.0,-20.5,Down,24739892577011684391737346178486814201141594977232374692049653932012418912800,2025-12-01 15:30:00+00:00,0.74,Down,1.0,0.26,last_le_cp2,0.26,100.0,135.13513513513513,35.13513513513514,6843.5,6830.5,True,True,20.0,20.0,0.68,0.995,9.411764705882351,0.10050251256281417,140.0,44.647402353580304
731221,NDX,ndx-up-or-down-on-december-1-2025,2025-12-01 21:00:00+00:00,2025-12-01 15:00:00+00:00,2025-12-01 15:30:00+00:00,25371.0,25314.0,-57.0,Down,22914950590250461546336207085736825411983582030753378045337226087653394823794,2025-12-01 15:30:00+00:00,0.865,Down,1.0,0.135,last_le_cp2,0.135,100.0,115.60693641618498,15.606936416184974,25443.25,25391.0,True,True,20.0,20.0,0.62,0.795,12.258064516129032,5.157232704402515,140.0,33.02223363671652
786182,SPX,spx-up-or-down-on-december-2-2025,2025-12-02 21:00:00+00:00,2025-12-02 15:00:00+00:00,2025-12-02 15:30:00+00:00,6850.5,6841.25,-9.25,Down,40152261961782858512374547300047827255712687136414894286874080835810461289882,2025-12-02 15:30:00+00:00,0.14499999,Up,0.0,-0.14499999,last_le_cp2,-0.14499999,100.0,689.655219976222,-100.0,6851.0,6840.5,True,False,20.0,0.0,0.265,,-20.0,0.0,120.0,-120.0
786226,NDX,ndx-up-or-down-on-december-2-2025,2025-12-02 21:00:00+00:00,2025-12-02 15:00:00+00:00,2025-12-02 15:30:00+00:00,25618.0,25576.75,-41.25,Down,70494031414965186173244085220819658404109588025366805615783769398115266733176,2025-12-02 15:30:00+00:00,0.095,Up,0.0,-0.095,last_le_cp2,-0.095,100.0,1052.6315789473683,-99.99999999999999,25611.25,25594.75,True,True,20.0,20.0,0.16,0.12,-20.0,-20.0,140.0,-140.0
796947,SPX,spx-up-or-down-on-december-3-2025,2025-12-03 21:00:00+00:00,2025-12-03 15:00:00+00:00,2025-12-03 15:30:00+00:00,6836.0,6839.5,3.5,Up,55760498801231888276230723471152561899591564038058827893246910622624057293643,2025-12-03 15:30:00+00:00,0.43,Up,1.0,0.5700000000000001,last_le_cp2,0.5700000000000001,100.0,232.55813953488374,132.55813953488374,6859.25,6867.0,True,True,20.0,20.0,0.625,0.979,12.0,0.4290091930541373,140.0,144.98714872793786
796968,NDX,ndx-up-or-down-on-december-3-2025,2025-12-03 21:00:00+00:00,2025-12-03 15:00:00+00:00,2025-12-03 15:30:00+00:00,25517.25,25518.75,1.5,Up,86679681767008612602968789547376882195073740158086161941140641676165689331285,2025-12-03 15:30:00+00:00,0.335,Up,1.0,0.665,last_le_cp2,0.665,100.0,298.5074626865671,198.50746268656715,25611.5,25648.75,True,True,20.0,20.0,0.51,0.695,19.215686274509807,8.77697841726619,140.0,226.50012737834314
808147,NDX,ndx-up-or-down-on-december-4-2025,2025-12-04 21:00:00+00:00,2025-12-04 15:00:00+00:00,2025-12-04 15:30:00+00:00,25562.75,25597.5,34.75,Up,52596542282137075361041051947160555683162092283062121239936843168871896533550,2025-12-04 15:30:00+00:00,0.28,Down,0.0,-0.28,last_le_cp2,-0.28,100.0,357.1428571428571,-100.0,25597.5,25538.0,False,False,0.0,0.0,,,0.0,0.0,100.0,-100.0
808141,SPX,spx-up-or-down-on-december-4-2025,2025-12-04 21:00:00+00:00,2025-12-04 15:00:00+00:00,2025-12-04 15:30:00+00:00,6854.75,6860.0,5.25,Up,96986805245529653809504982357428959777429576258274767895681761752523456781283,2025-12-04 15:30:00+00:00,0.44,Up,1.0,0.56,last_le_cp2,0.56,100.0,227.27272727272728,127.2727272727273,6862.0,6845.5,True,False,20.0,0.0,0.56999999,,15.087719913819647,0.0,120.0,142.36044718654693
819480,NDX,ndx-up-or-down-on-december-5-2025,2025-12-05 21:00:00+00:00,2025-12-05 15:00:00+00:00,2025-12-05 15:30:00+00:00,25776.5,25845.75,69.25,Up,53308087236504001916269407801782538355807391179979214673051549222352670136198,2025-12-05 15:30:00+00:00,0.895,Up,1.0,0.1049999999999999,last_le_cp2,0.1049999999999999,100.0,111.73184357541899,11.731843575418983,25697.0,25721.0,False,False,0.0,0.0,,,0.0,0.0,100.0,11.731843575418983
819475,SPX,spx-up-or-down-on-december-5-2025,2025-12-05 21:00:00+00:00,2025-12-05 15:00:00+00:00,2025-12-05 15:30:00+00:00,6889.5,6901.25,11.75,Up,8751811483743240790178867821129090175803909920359163613740314549563125359816,2025-12-05 15:30:00+00:00,0.875,Up,1.0,0.125,last_le_cp2,0.125,100.0,114.28571428571429,14.285714285714286,6874.75,6880.5,False,False,0.0,0.0,,,0.0,0.0,100.0,14.285714285714286
832718,SPX,spx-up-or-down-on-december-8-2025,2025-12-08 21:00:00+00:00,2025-12-08 15:00:00+00:00,2025-12-08 15:30:00+00:00,6873.75,6862.75,-11.0,Down,55637137092024929919023023295076744962376180618401674617002163786050038529179,2025-12-08 15:30:00+00:00,0.56999999,Down,1.0,0.43000001,last_le_cp2,0.43000001,100.0,175.43859956909824,75.43859956909824,6847.25,6842.0,False,False,0.0,0.0,,,0.0,0.0,100.0,75.43859956909824
832727,NDX,ndx-up-or-down-on-december-8-2025,2025-12-08 21:00:00+00:00,2025-12-08 15:00:00+00:00,2025-12-08 15:30:00+00:00,25748.25,25688.5,-59.75,Down,58836815342006084002866784994314894479938700601430432561470457019998141693922,2025-12-08 15:30:00+00:00,0.485,Down,1.0,0.515,last_le_cp2,0.515,100.0,206.18556701030928,106.18556701030928,25626.5,25596.5,False,False,0.0,0.0,,,0.0,0.0,100.0,106.18556701030928
896972,NDX,ndx-up-or-down-on-december-9-2025,2025-12-09 21:00:00+00:00,2025-12-09 15:00:00+00:00,2025-12-09 15:30:00+00:00,25639.0,25658.5,19.5,Up,97903311803259393425042910669407476441380357108311076744416399280502878445541,2025-12-09 15:30:00+00:00,0.5,Up,1.0,0.5,last_le_cp2,0.5,100.0,200.0,100.0,25713.5,25711.5,True,True,20.0,20.0,0.685,0.735,9.197080291970801,7.2108843537414975,140.0,116.4079646457123
896965,SPX,spx-up-or-down-on-december-9-2025,2025-12-09 21:00:00+00:00,2025-12-09 15:00:00+00:00,2025-12-09 15:30:00+00:00,6863.25,6861.5,-1.75,Down,5023278842784806795043798591154875714578149778561665235713387119747575331115,2025-12-09 15:30:00+00:00,0.405,Down,1.0,0.595,last_le_cp2,0.595,100.0,246.91358024691357,146.91358024691357,6866.75,6856.25,True,False,20.0,0.0,0.305,,45.57377049180328,0.0,120.0,192.48735073871686
901601,SPX,spx-up-or-down-on-december-10-2025,2025-12-10 21:00:00+00:00,2025-12-10 15:00:00+00:00,2025-12-10 15:30:00+00:00,6845.75,6846.25,0.5,Up,84988037788088200555143589742076379211386679011804080409203435068172651648694,2025-12-10 15:30:00+00:00,0.535,Up,1.0,0.4649999999999999,last_le_cp2,0.4649999999999999,100.0,186.91588785046727,86.91588785046727,6849.0,6864.0,True,True,20.0,20.0,0.6,0.775,13.333333333333336,5.806451612903225,140.0,106.05567279670385
901610,NDX,ndx-up-or-down-on-december-10-2025,2025-12-10 21:00:00+00:00,2025-12-10 15:00:00+00:00,2025-12-10 15:30:00+00:00,25611.5,25632.0,20.5,Up,55470592054632548657350166390629999892759755271103583333489672873323349767587,2025-12-10 15:30:00+00:00,0.33,Up,1.0,0.6699999999999999,last_le_cp2,0.6699999999999999,100.0,303.030303030303,203.030303030303,25623.75,25683.25,False,True,0.0,20.0,,0.625,0.0,12.0,120.0,215.030303030303
906123,SPX,spx-up-or-down-on-december-11-2025,2025-12-11 21:00:00+00:00,2025-12-11 15:00:00+00:00,2025-12-11 15:30:00+00:00,6842.75,6878.0,35.25,Up,45828764269080890727718258039465865271569300194685979125103177744176166394095,2025-12-11 15:30:00+00:00,0.21,Up,1.0,0.79,last_le_cp2,0.79,100.0,476.1904761904762,376.1904761904762,6893.25,6903.75,True,True,20.0,20.0,0.43,0.66,26.511627906976745,10.303030303030301,140.0,413.00513440048326
906134,NDX,ndx-up-or-down-on-december-11-2025,2025-12-11 21:00:00+00:00,2025-12-11 15:00:00+00:00,2025-12-11 15:30:00+00:00,25405.75,25590.25,184.5,Up,36678248894292520117624155137356575841565915302214092206420484997630100077633,2025-12-11 15:30:00+00:00,0.09,Down,0.0,-0.09,last_le_cp2,-0.09,100.0,1111.111111111111,-100.0,25619.25,25698.75,True,True,20.0,20.0,0.035,0.205,-20.0,-20.0,140.0,-140.0
913302,SPX,spx-up-or-down-on-december-12-2025,2025-12-12 21:00:00+00:00,2025-12-12 15:00:00+00:00,2025-12-12 15:30:00+00:00,6883.75,6851.75,-32.0,Down,103987637086112025974258021738124932691636788735876504364370334333394126508860,2025-12-12 15:30:00+00:00,0.865,Down,1.0,0.135,last_le_cp2,0.135,100.0,115.60693641618498,15.606936416184974,6826.25,6831.0,False,False,0.0,0.0,,,0.0,0.0,100.0,15.606936416184974
913308,NDX,ndx-up-or-down-on-december-12-2025,2025-12-12 21:00:00+00:00,2025-12-12 15:00:00+00:00,2025-12-12 15:30:00+00:00,25520.5,25320.0,-200.5,Down,72083745921567211250827721820951589623640157353961809145267410827038843522896,2025-12-12 15:30:00+00:00,0.54,Down,1.0,0.4599999999999999,last_le_cp2,0.4599999999999999,100.0,185.18518518518516,85.18518518518516,25211.0,25241.0,False,False,0.0,0.0,,,0.0,0.0,100.0,85.18518518518516
919506,SPX,spx-up-or-down-on-december-15-2025,2025-12-15 21:00:00+00:00,2025-12-15 15:00:00+00:00,2025-12-15 15:30:00+00:00,6835.0,6815.25,-19.75,Down,85194481661621684981946409449013182680486770183690463136602031217962316018095,2025-12-15 15:30:00+00:00,0.445,Down,1.0,0.5549999999999999,last_le_cp2,0.5549999999999999,100.0,224.7191011235955,124.71910112359548,6818.25,6821.25,True,True,20.0,20.0,0.61,0.74,12.786885245901638,7.027027027027027,140.0,144.53301339652415
919514,NDX,ndx-up-or-down-on-december-15-2025,2025-12-15 21:00:00+00:00,2025-12-15 15:00:00+00:00,2025-12-15 15:30:00+00:00,25205.5,25084.25,-121.25,Down,40292918528642982025024025537254715665687215936029994884869127178513314359121,2025-12-15 15:30:00+00:00,0.66,Down,1.0,0.3399999999999999,last_le_cp2,0.3399999999999999,100.0,151.5151515151515,51.515151515151494,25145.25,25131.75,True,True,20.0,20.0,0.74,0.85,7.027027027027027,3.529411764705883,140.0,62.0715903068844
940090,SPX,spx-up-or-down-on-december-16-2025,2025-12-16 21:00:00+00:00,2025-12-16 15:00:00+00:00,2025-12-16 15:30:00+00:00,6820.25,6790.25,-30.0,Down,84124143956918264504873050744917797845342041255740187286735527166719512839809,2025-12-16 15:30:00+00:00,0.62,Down,1.0,0.38,last_le_cp2,0.38,100.0,161.29032258064515,61.29032258064516,6789.0,6786.5,False,False,0.0,0.0,,,0.0,0.0,100.0,61.29032258064516
940098,NDX,ndx-up-or-down-on-december-16-2025,2025-12-16 21:00:00+00:00,2025-12-16 15:00:00+00:00,2025-12-16 15:30:00+00:00,25150.5,24998.25,-152.25,Down,81980133699853473585586733591118365558008442511785924025901321423935487266358,2025-12-16 15:30:00+00:00,0.59,Up,0.0,-0.59,last_le_cp2,-0.59,100.0,169.49152542372883,-100.0,25041.25,25055.75,True,True,20.0,20.0,0.43,0.535,-20.0,-20.0,140.0,-140.0
947811,NDX,ndx-up-or-down-on-december-17-2025,2025-12-17 21:00:00+00:00,2025-12-17 15:00:00+00:00,2025-12-17 15:30:00+00:00,25067.0,25081.0,14.0,Up,45952295172252070838770547458777273790461673454938230519916905266077937358407,2025-12-17 15:30:00+00:00,0.265,Down,0.0,-0.265,last_le_cp2,-0.265,100.0,377.35849056603774,-100.00000000000001,24825.75,24725.0,False,False,0.0,0.0,,,0.0,0.0,100.0,-100.00000000000001
947800,SPX,spx-up-or-down-on-december-17-2025,2025-12-17 21:00:00+00:00,2025-12-17 15:00:00+00:00,2025-12-17 15:30:00+00:00,6800.0,6800.5,0.5,Up,113521494112735981198720400531977632654026374873539029827786054892555877867341,2025-12-17 15:30:00+00:00,0.51,Down,0.0,-0.51,last_le_cp2,-0.51,100.0,196.078431372549,-100.0,6755.0,6738.25,False,False,0.0,0.0,,,0.0,0.0,100.0,-100.0
954361,NDX,ndx-up-or-down-on-december-18-2025,2025-12-18 21:00:00+00:00,2025-12-18 15:00:00+00:00,2025-12-18 15:30:00+00:00,25060.25,25094.5,34.25,Up,36219279073235680749820670351669193413561427472833987820311580196600386801622,2025-12-18 15:30:00+00:00,0.93,Up,1.0,0.0699999999999999,last_le_cp2,0.0699999999999999,100.0,107.5268817204301,7.5268817204300955,25003.75,25046.25,False,False,0.0,0.0,,,0.0,0.0,100.0,7.5268817204300955
954352,SPX,spx-up-or-down-on-december-18-2025,2025-12-18 21:00:00+00:00,2025-12-18 15:00:00+00:00,2025-12-18 15:30:00+00:00,6794.25,6802.25,8.0,Up,43145330157756436772256459826704032769501660215841619840901940667663355381103,2025-12-18 15:30:00+00:00,0.895,Up,1.0,0.1049999999999999,last_le_cp2,0.1049999999999999,100.0,111.73184357541899,11.731843575418983,6770.0,6783.0,False,False,0.0,0.0,,,0.0,0.0,100.0,11.731843575418983
993952,SPX,spx-up-or-down-on-december-23-2025,2025-12-23 21:00:00+00:00,2025-12-23 15:00:00+00:00,2025-12-23 15:30:00+00:00,6934.75,6936.5,1.75,Up,61315064602316048815546940719659571044851770063014522697552968975323977809327,2025-12-23 15:30:00+00:00,0.545,Up,1.0,0.4549999999999999,last_le_cp2,0.4549999999999999,100.0,183.48623853211006,83.48623853211006,6953.5,6960.0,True,True,20.0,20.0,0.93,0.9845,1.5053763440860204,0.31488065007617994,140.0,85.30649552627226
993959,NDX,ndx-up-or-down-on-december-23-2025,2025-12-23 21:00:00+00:00,2025-12-23 15:00:00+00:00,2025-12-23 15:30:00+00:00,25682.75,25688.5,5.75,Up,67763940082489599535071567225625446817126794540618217598386215281856616945517,2025-12-23 15:30:00+00:00,0.28,Up,1.0,0.72,last_le_cp2,0.72,100.0,357.1428571428571,257.1428571428571,25770.75,25783.75,True,True,20.0,20.0,0.93,0.96,1.5053763440860204,0.8333333333333341,140.0,259.48156682027644
1002817,SPX,spx-up-or-down-on-december-24-2025,2025-12-24 21:00:00+00:00,2025-12-24 15:00:00+00:00,2025-12-24 15:30:00+00:00,6965.75,6971.5,5.75,Up,1872835276381916525491182262027781792884767997487701843284995366752592239602,2025-12-24 15:30:00+00:00,0.815,Up,1.0,0.185,last_le_cp2,0.185,100.0,122.69938650306749,22.699386503067483,6986.5,6980.0,True,True,20.0,20.0,0.996,0.9995,0.08032128514056232,0.010005002501249522,140.0,22.789712790709295
1002828,NDX,ndx-up-or-down-on-december-24-2025,2025-12-24 21:00:00+00:00,2025-12-24 15:00:00+00:00,2025-12-24 15:30:00+00:00,25808.0,25818.25,10.25,Up,4614264424360941206300500301269407044852790887917541470302702570311213565612,2025-12-24 15:30:00+00:00,0.685,Up,1.0,0.3149999999999999,last_le_cp2,0.3149999999999999,100.0,145.985401459854,45.98540145985399,25878.25,25864.75,True,True,20.0,20.0,0.955,0.975,0.9424083769633518,0.5128205128205133,140.0,47.44063034963785
1010943,SPX,spx-up-or-down-on-december-26-2025,2025-12-26 21:00:00+00:00,2025-12-26 15:00:00+00:00,2025-12-26 15:30:00+00:00,6982.5,6984.5,2.0,Up,74777985602366554234468975106950225835719913015963819400974028538946101131271,2025-12-26 15:30:00+00:00,0.59,Down,0.0,-0.59,last_le_cp2,-0.59,100.0,169.49152542372883,-100.0,6977.75,6978.0,False,False,0.0,0.0,,,0.0,0.0,100.0,-100.0
1010951,NDX,ndx-up-or-down-on-december-26-2025,2025-12-26 21:00:00+00:00,2025-12-26 15:00:00+00:00,2025-12-26 15:30:00+00:00,25873.0,25885.5,12.5,Up,57490063336151815218358786790962704000047640964002964817705461907699950312466,2025-12-26 15:30:00+00:00,0.39,Down,0.0,-0.39,last_le_cp2,-0.39,100.0,256.4102564102564,-100.0,25879.0,25883.0,False,False,0.0,0.0,,,0.0,0.0,100.0,-100.0
1027465,SPX,spx-up-or-down-on-december-29-2025,2025-12-29 21:00:00+00:00,2025-12-29 15:00:00+00:00,2025-12-29 15:30:00+00:00,6953.75,6954.25,0.5,Up,21821808676351055394106062899294062110317608331352012500310901170061597949558,2025-12-29 15:30:00+00:00,0.08,Down,0.0,-0.08,last_le_cp2,-0.08,100.0,1250.0,-100.0,6937.75,6951.0,False,False,0.0,0.0,,,0.0,0.0,100.0,-100.0
1027480,NDX,ndx-up-or-down-on-december-29-2025,2025-12-29 21:00:00+00:00,2025-12-29 15:00:00+00:00,2025-12-29 15:30:00+00:00,25734.75,25745.75,11.0,Up,59785428936403410380048915399535964795599842693708368414783030415782658740053,2025-12-29 15:30:00+00:00,0.135,Down,0.0,-0.135,last_le_cp2,-0.135,100.0,740.7407407407406,-100.0,25659.75,25712.25,False,False,0.0,0.0,,,0.0,0.0,100.0,-100.0
1057041,SPX,spx-up-or-down-on-december-30-2025,2025-12-30 21:00:00+00:00,2025-12-30 15:00:00+00:00,2025-12-30 15:30:00+00:00,6954.75,6944.0,-10.75,Down,59691855294947723204493205629804732071275919861176115786798366597144664438176,2025-12-30 15:30:00+00:00,0.495,Down,1.0,0.505,last_le_cp2,0.505,100.0,202.02020202020202,102.02020202020202,6948.5,6954.0,True,True,20.0,20.0,0.67,0.52,9.850746268656714,18.46153846153846,140.0,130.33248675039718
1057050,NDX,ndx-up-or-down-on-december-30-2025,2025-12-30 21:00:00+00:00,2025-12-30 15:00:00+00:00,2025-12-30 15:30:00+00:00,25742.5,25695.0,-47.5,Down,92008640622047253777941635767759884653717707652839827804139255030893843359893,2025-12-30 15:30:00+00:00,0.63,Down,1.0,0.37,last_le_cp2,0.37,100.0,158.73015873015873,58.730158730158735,25718.75,25738.25,True,True,20.0,20.0,0.55,0.56,16.36363636363636,15.71428571428571,140.0,90.8080808080808
1065447,NDX,ndx-up-or-down-on-december-31-2025,2025-12-31 21:00:00+00:00,2025-12-31 15:00:00+00:00,2025-12-31 15:30:00+00:00,25605.25,25598.25,-7.0,Down,21161535485256208508834357541421248610795146287419621633569320289653257672655,2025-12-31 15:30:00+00:00,0.685,Down,1.0,0.3149999999999999,last_le_cp2,0.3149999999999999,100.0,145.985401459854,45.98540145985399,25591.75,25578.5,False,False,0.0,0.0,,,0.0,0.0,100.0,45.98540145985399
1065428,SPX,spx-up-or-down-on-december-31-2025,2025-12-31 21:00:00+00:00,2025-12-31 15:00:00+00:00,2025-12-31 15:30:00+00:00,6932.0,6926.5,-5.5,Down,112931504638691654758719396299242894145662024930666495132732167272774869803742,2025-12-31 15:30:00+00:00,0.705,Down,1.0,0.295,last_le_cp2,0.295,100.0,141.84397163120568,41.84397163120567,6922.75,6922.5,False,False,0.0,0.0,,,0.0,0.0,100.0,41.84397163120567
1073475,SPX,spx-up-or-down-on-january-2-2026,2026-01-02 21:00:00+00:00,2026-01-02 15:00:00+00:00,2026-01-02 15:30:00+00:00,6937.0,6893.5,-43.5,Down,986691419704114408029415857375795028809760545769820743593631657790882357402,2026-01-02 15:30:00+00:00,0.365,Up,0.0,-0.365,last_le_cp2,-0.365,100.0,273.972602739726,-100.0,6896.25,6900.25,True,True,20.0,20.0,0.415,0.39,-20.0,-20.0,140.0,-140.0
1073484,NDX,ndx-up-or-down-on-january-2-2026,2026-01-02 21:00:00+00:00,2026-01-02 15:00:00+00:00,2026-01-02 15:30:00+00:00,25765.25,25480.25,-285.0,Down,53981124401969925233791551226525416730042775604080191640855932424767184469308,2026-01-02 15:30:00+00:00,0.135,Down,1.0,0.865,last_le_cp2,0.865,100.0,740.7407407407406,640.7407407407406,25396.75,25419.0,False,False,0.0,0.0,,,0.0,0.0,100.0,640.7407407407406
1086757,SPX,spx-up-or-down-on-january-5-2026,2026-01-05 21:00:00+00:00,2026-01-05 15:00:00+00:00,2026-01-05 15:30:00+00:00,6938.0,6953.75,15.75,Up,4649551189138964621198790277180903633036974773595914672848123934010733720595,2026-01-05 15:30:00+00:00,0.915,Up,1.0,0.0849999999999999,last_le_cp2,0.0849999999999999,100.0,109.2896174863388,9.289617486338786,6953.75,6951.0,False,False,0.0,0.0,,,0.0,0.0,100.0,9.289617486338786
1086768,NDX,ndx-up-or-down-on-january-5-2026,2026-01-05 21:00:00+00:00,2026-01-05 15:00:00+00:00,2026-01-05 15:30:00+00:00,25597.0,25673.75,76.75,Up,56717852565267196226897554938040974557771139467656947818397992920775356142143,2026-01-05 15:30:00+00:00,0.885,Up,1.0,0.1149999999999999,last_le_cp2,0.1149999999999999,100.0,112.99435028248587,12.994350282485863,25629.0,25586.0,False,False,0.0,0.0,,,0.0,0.0,100.0,12.994350282485863
1113744,SPX,spx-up-or-down-on-january-6-2026,2026-01-06 21:00:00+00:00,2026-01-06 15:00:00+00:00,2026-01-06 15:30:00+00:00,6970.75,6973.5,2.75,Up,100636403656911561920069818357693805109132406172525727625097260973320909667714,2026-01-06 15:30:00+00:00,0.935,Up,1.0,0.0649999999999999,last_le_cp2,0.0649999999999999,100.0,106.951871657754,6.951871657753999,6973.25,6987.5,False,True,0.0,20.0,,0.9965,0.0,0.07024586051179021,120.0,7.02211751826579
1113762,NDX,ndx-up-or-down-on-january-6-2026,2026-01-06 21:00:00+00:00,2026-01-06 15:00:00+00:00,2026-01-06 15:30:00+00:00,25762.0,25767.0,5.0,Up,29030634033216041555663265544075505377087230005024858223113975002035640082878,2026-01-06 15:30:00+00:00,0.85,Up,1.0,0.15,last_le_cp2,0.15,100.0,117.64705882352942,17.647058823529413,25741.0,25810.0,False,True,0.0,20.0,,0.9895,0.0,0.2122283981808985,120.0,17.85928722171031
1121355,SPX,spx-up-or-down-on-january-7-2026,2026-01-07 21:00:00+00:00,2026-01-07 15:00:00+00:00,2026-01-07 15:30:00+00:00,6987.75,6982.5,-5.25,Down,102526472605174910864149938453505566229692328748903483982831621524608177913065,2026-01-07 15:30:00+00:00,0.525,Down,1.0,0.475,last_le_cp2,0.475,100.0,190.47619047619048,90.47619047619048,7003.0,6984.75,True,True,20.0,20.0,0.095,0.52,190.52631578947367,18.46153846153846,140.0,299.4640447272026
1121368,NDX,ndx-up-or-down-on-january-7-2026,2026-01-07 21:00:00+00:00,2026-01-07 15:00:00+00:00,2026-01-07 15:30:00+00:00,25831.25,25865.75,34.5,Up,101684293022390590050179723555199219170634906634416198565378953340418446041470,2026-01-07 15:30:00+00:00,0.665,Up,1.0,0.3349999999999999,last_le_cp2,0.3349999999999999,100.0,150.37593984962405,50.37593984962404,25983.0,25901.0,True,True,20.0,20.0,0.98,0.915,0.4081632653061228,1.8579234972677587,140.0,52.64202661219792
1128749,SPX,spx-up-or-down-on-january-8-2026,2026-01-08 21:00:00+00:00,2026-01-08 15:00:00+00:00,2026-01-08 15:30:00+00:00,6946.5,6959.75,13.25,Up,36498646186020857973498981960423315893653192744491129982425732624144707299206,2026-01-08 15:30:00+00:00,0.545,Up,1.0,0.4549999999999999,last_le_cp2,0.4549999999999999,100.0,183.48623853211006,83.48623853211006,6961.25,6957.25,True,False,20.0,0.0,0.535,,17.38317757009346,0.0,120.0,100.86941610220353
1128756,NDX,ndx-up-or-down-on-january-8-2026,2026-01-08 21:00:00+00:00,2026-01-08 15:00:00+00:00,2026-01-08 15:30:00+00:00,25590.75,25686.75,96.0,Up,20070290191467137883382245732870981178511783167959742058021548807894853712686,2026-01-08 15:30:00+00:00,0.255,Down,0.0,-0.255,last_le_cp2,-0.255,100.0,392.156862745098,-100.0,25641.25,25635.25,False,False,0.0,0.0,,,0.0,0.0,100.0,-100.0
1135898,NDX,ndx-up-or-down-on-january-9-2026,2026-01-09 21:00:00+00:00,2026-01-09 15:00:00+00:00,2026-01-09 15:30:00+00:00,25710.75,25847.75,137.0,Up,94694868378794283823060487482944941076530523015243967730911428748816146693174,2026-01-09 15:30:00+00:00,0.81,Up,1.0,0.1899999999999999,last_le_cp2,0.1899999999999999,100.0,123.45679012345678,23.456790123456777,25909.25,25958.75,True,True,20.0,20.0,0.94,0.9945,1.2765957446808522,0.11060834590246253,140.0,24.84399421404009
1135879,SPX,spx-up-or-down-on-january-9-2026,2026-01-09 21:00:00+00:00,2026-01-09 15:00:00+00:00,2026-01-09 15:30:00+00:00,6975.75,6994.5,18.75,Up,49873256766516799526673879143421675044663207845732243623268667116029830110216,2026-01-09 15:30:00+00:00,0.865,Up,1.0,0.135,last_le_cp2,0.135,100.0,115.60693641618498,15.606936416184974,7007.5,7013.5,True,True,20.0,20.0,0.984,0.998,0.3252032520325206,0.040080160320641316,140.0,15.972219828538137
1143138,SPX,spx-up-or-down-on-january-12-2026,2026-01-12 21:00:00+00:00,2026-01-12 15:00:00+00:00,2026-01-12 15:30:00+00:00,6999.75,6997.25,-2.5,Down,40214419188393325056280937058524362759701723579860605252768333810494301540710,2026-01-12 15:30:00+00:00,0.54,Up,0.0,-0.54,last_le_cp2,-0.54,100.0,185.18518518518516,-100.0,7009.25,7018.25,True,True,20.0,20.0,0.335,0.065,-20.0,-20.0,140.0,-140.0
1143152,NDX,ndx-up-or-down-on-january-12-2026,2026-01-12 21:00:00+00:00,2026-01-12 15:00:00+00:00,2026-01-12 15:30:00+00:00,25896.25,25902.5,6.25,Up,95396194919967325866130254666232474433633964711640165811873512665626389899832,2026-01-12 15:30:00+00:00,0.5,Up,1.0,0.5,last_le_cp2,0.5,100.0,200.0,100.0,25960.75,26001.25,True,True,20.0,20.0,0.75,0.795,6.666666666666667,5.157232704402515,140.0,111.82389937106919
1167069,SPX,spx-up-or-down-on-january-13-2026,2026-01-13 21:00:00+00:00,2026-01-13 15:00:00+00:00,2026-01-13 15:30:00+00:00,7007.75,6989.75,-18.0,Down,8131213758383010662983083195469938580346874982102238920665277765274925594163,2026-01-13 15:30:00+00:00,0.77,Down,1.0,0.2299999999999999,last_le_cp2,0.2299999999999999,100.0,129.87012987012986,29.870129870129855,7010.25,6993.75,True,True,20.0,20.0,0.68,0.98,9.411764705882351,0.4081632653061228,140.0,39.69005784131833
1167079,NDX,ndx-up-or-down-on-january-13-2026,2026-01-13 21:00:00+00:00,2026-01-13 15:00:00+00:00,2026-01-13 15:30:00+00:00,25966.75,25831.0,-135.75,Down,15398202832058165917741466540601107900074092468793525294520021324393790860429,2026-01-13 15:30:00+00:00,0.675,Down,1.0,0.3249999999999999,last_le_cp2,0.3249999999999999,100.0,148.14814814814815,48.14814814814814,25977.0,25866.75,True,True,20.0,20.0,0.435,0.92,25.97701149425287,1.739130434782608,140.0,75.86429007718361
1174450,SPX,spx-up-or-down-on-january-14-2026,2026-01-14 21:00:00+00:00,2026-01-14 15:00:00+00:00,2026-01-14 15:30:00+00:00,6941.25,6943.75,2.5,Up,40390380411892214109800068845113813199345541452070843884372349575223409739138,2026-01-14 15:30:00+00:00,0.125,Down,0.0,-0.125,last_le_cp2,-0.125,100.0,800.0,-100.0,6929.5,6944.75,False,True,0.0,20.0,,0.0035,0.0,-20.0,120.0,-120.0
1174460,NDX,ndx-up-or-down-on-january-14-2026,2026-01-14 21:00:00+00:00,2026-01-14 15:00:00+00:00,2026-01-14 15:30:00+00:00,25540.5,25584.0,43.5,Up,66816376819926438727834341221234436310843939168356941202491327666066442433722,2026-01-14 15:30:00+00:00,0.22,Down,0.0,-0.22,last_le_cp2,-0.22,100.0,454.54545454545456,-100.0,25476.5,25520.75,False,False,0.0,0.0,,,0.0,0.0,100.0,-100.0
1182348,SPX,spx-up-or-down-on-january-15-2026,2026-01-15 21:00:00+00:00,2026-01-15 15:00:00+00:00,2026-01-15 15:30:00+00:00,7001.75,7005.25,3.5,Up,39404014695768448054952585285179180166115033260455930494620842011142297530819,2026-01-15 15:30:00+00:00,0.905,Up,1.0,0.0949999999999999,last_le_cp2,0.0949999999999999,100.0,110.49723756906077,10.497237569060763,7006.75,6992.0,True,False,20.0,0.0,0.945,,1.164021164021165,0.0,120.0,11.661258733081928
1182358,NDX,ndx-up-or-down-on-january-15-2026,2026-01-15 21:00:00+00:00,2026-01-15 15:00:00+00:00,2026-01-15 15:30:00+00:00,25872.75,25881.25,8.5,Up,79939534185267605222669117369750770590013839474082826539105539076145272502298,2026-01-15 15:30:00+00:00,0.82,Up,1.0,0.18,last_le_cp2,0.18,100.0,121.95121951219512,21.95121951219512,25876.75,25768.25,False,False,0.0,0.0,,,0.0,0.0,100.0,21.95121951219512
1189824,SPX,spx-up-or-down-on-january-16-2026,2026-01-16 21:00:00+00:00,2026-01-16 15:00:00+00:00,2026-01-16 15:30:00+00:00,6978.25,6976.0,-2.25,Down,93401948826289772676671323709099689439352290342549944419319726357277113333002,2026-01-16 15:30:00+00:00,0.46,Down,1.0,0.54,last_le_cp2,0.54,100.0,217.39130434782606,117.39130434782608,6984.0,6983.25,True,True,20.0,20.0,0.28499999,0.455,50.17544105878741,23.956043956043953,140.0,191.52278936265745
1189837,NDX,ndx-up-or-down-on-january-16-2026,2026-01-16 21:00:00+00:00,2026-01-16 15:00:00+00:00,2026-01-16 15:30:00+00:00,25727.5,25666.25,-61.25,Down,15956271984955145215902789602264321683574050174819775095332857262632467041707,2026-01-16 15:30:00+00:00,0.485,Down,1.0,0.515,last_le_cp2,0.515,100.0,206.18556701030928,106.18556701030928,25686.5,25692.75,True,True,20.0,20.0,0.475,0.62,22.10526315789474,12.258064516129032,140.0,140.54889468433305
1198021,NDX,ndx-up-or-down-on-january-20-2026,2026-01-20 21:00:00+00:00,2026-01-20 15:00:00+00:00,2026-01-20 15:30:00+00:00,25303.25,25359.75,56.5,Up,106758116322380599513670796694013315823660551142601986349435007665810082319466,2026-01-20 15:30:00+00:00,0.025,Down,0.0,-0.025,last_le_cp2,-0.025,100.0,4000.0,-100.0,25326.5,25148.25,False,False,0.0,0.0,,,0.0,0.0,100.0,-100.0
1198006,SPX,spx-up-or-down-on-january-20-2026,2026-01-20 21:00:00+00:00,2026-01-20 15:00:00+00:00,2026-01-20 15:30:00+00:00,6873.25,6896.5,23.25,Up,63715537723471089625511675056114806786985118025996729479242642963982614182846,2026-01-20 15:30:00+00:00,0.0245,Down,0.0,-0.0245,last_le_cp2,-0.0245,100.0,4081.632653061224,-100.0,6876.5,6832.5,False,False,0.0,0.0,,,0.0,0.0,100.0,-100.0
1227171,SPX,spx-up-or-down-on-january-21-2026,2026-01-21 21:00:00+00:00,2026-01-21 15:00:00+00:00,2026-01-21 15:30:00+00:00,6883.5,6889.5,6.0,Up,55228371280419563028425928083502913710352891705875817433653007315617571187361,2026-01-21 15:30:00+00:00,0.91,Up,1.0,0.0899999999999999,last_le_cp2,0.0899999999999999,100.0,109.89010989010988,9.890109890109878,6850.5,6911.0,False,True,0.0,20.0,,0.9465,0.0,1.1304807184363443,120.0,11.020590608546222
1227182,NDX,ndx-up-or-down-on-january-21-2026,2026-01-21 21:00:00+00:00,2026-01-21 15:00:00+00:00,2026-01-21 15:30:00+00:00,25329.0,25389.25,60.25,Up,32712563265404170558459395642221834407652988279248442148921714594293263551121,2026-01-21 15:30:00+00:00,0.9,Up,1.0,0.0999999999999999,last_le_cp2,0.0999999999999999,100.0,111.11111111111111,11.1111111111111,25189.0,25479.75,False,True,0.0,20.0,,0.9425,0.0,1.2201591511936338,120.0,12.331270262304734
1234202,SPX,spx-up-or-down-on-january-22-2026,2026-01-22 21:00:00+00:00,2026-01-22 15:00:00+00:00,2026-01-22 15:30:00+00:00,6931.25,6942.75,11.5,Up,52069780508747398169032211493973188026053776770237577513977504230212780993734,2026-01-22 15:30:00+00:00,0.74,Up,1.0,0.26,last_le_cp2,0.26,100.0,135.13513513513513,35.13513513513514,6962.0,6963.0,True,True,20.0,20.0,0.9635,0.99,0.7576543850544885,0.20202020202020218,140.0,36.094809722209824
1234209,NDX,ndx-up-or-down-on-january-22-2026,2026-01-22 21:00:00+00:00,2026-01-22 15:00:00+00:00,2026-01-22 15:30:00+00:00,25559.5,25600.0,40.5,Up,82200447672742918357399203214214596116000931854125347160630585641440435745335,2026-01-22 15:30:00+00:00,0.765,Up,1.0,0.235,last_le_cp2,0.235,100.0,130.718954248366,30.71895424836601,25690.25,25709.25,True,True,20.0,20.0,0.965,0.9845,0.72538860103627,0.31488065007617994,140.0,31.75922349947846
1241364,SPX,spx-up-or-down-on-january-23-2026,2026-01-23 21:00:00+00:00,2026-01-23 15:00:00+00:00,2026-01-23 15:30:00+00:00,6943.5,6948.25,4.75,Up,43111666811150881938883126471478958260659815810366772548975082592155274301548,2026-01-23 15:30:00+00:00,0.64,Up,1.0,0.36,last_le_cp2,0.36,100.0,156.25,56.25,6954.5,6951.0,True,True,20.0,20.0,0.75,0.82,6.666666666666667,4.390243902439026,140.0,67.3069105691057
1241375,NDX,ndx-up-or-down-on-january-23-2026,2026-01-23 21:00:00+00:00,2026-01-23 15:00:00+00:00,2026-01-23 15:30:00+00:00,25676.75,25754.5,77.75,Up,28789651180950613673705428802104515410228565780034184077285677018428851979827,2026-01-23 15:30:00+00:00,0.815,Up,1.0,0.185,last_le_cp2,0.185,100.0,122.69938650306749,22.699386503067483,25791.25,25751.5,True,False,20.0,0.0,0.9365,,1.356113187399893,0.0,120.0,24.055499690467375
1248777,SPX,spx-up-or-down-on-january-26-2026,2026-01-26 21:00:00+00:00,2026-01-26 15:00:00+00:00,2026-01-26 15:30:00+00:00,6975.5,6979.5,4.0,Up,90547437185543923202857127726984505409861164087031186610904109291462840058121,2026-01-26 15:30:00+00:00,0.875,Up,1.0,0.125,last_le_cp2,0.125,100.0,114.28571428571429,14.285714285714286,6988.5,6992.5,True,True,20.0,20.0,0.9645,0.983,0.7361327112493514,0.3458799593082404,140.0,15.367726956271879
1248797,NDX,ndx-up-or-down-on-january-26-2026,2026-01-26 21:00:00+00:00,2026-01-26 15:00:00+00:00,2026-01-26 15:30:00+00:00,25840.5,25852.0,11.5,Up,87012140861789287155140479060990335705763352231140800610453897441247863570797,2026-01-26 15:30:00+00:00,0.75,Up,1.0,0.25,last_le_cp2,0.25,100.0,133.33333333333334,33.333333333333336,25907.0,25901.0,True,True,20.0,20.0,0.955,0.9795,0.9424083769633518,0.41858090862684966,140.0,34.694322618923536
1270968,SPX,spx-up-or-down-on-january-27-2026,2026-01-27 21:00:00+00:00,2026-01-27 15:00:00+00:00,2026-01-27 15:30:00+00:00,7004.5,7001.5,-3.0,Down,75057063252137603695074536778297837089010417921235732031250223582939748444493,2026-01-27 15:30:00+00:00,0.115,Up,0.0,-0.115,last_le_cp2,-0.115,100.0,869.5652173913043,-100.0,7012.5,7015.5,True,True,20.0,20.0,0.08,0.0135,-20.0,-20.0,140.0,-140.0
1270981,NDX,ndx-up-or-down-on-january-27-2026,2026-01-27 21:00:00+00:00,2026-01-27 15:00:00+00:00,2026-01-27 15:30:00+00:00,26048.0,26052.5,4.5,Up,33155689284399885823021784660934116633958673678462557561680861762058907573432,2026-01-27 15:30:00+00:00,0.85,Up,1.0,0.15,last_le_cp2,0.15,100.0,117.64705882352942,17.647058823529413,26082.5,26091.5,True,True,20.0,20.0,0.9645,0.985,0.7361327112493514,0.30456852791878203,140.0,18.687760062697546
1276965,SPX,spx-up-or-down-on-january-28-2026,2026-01-28 21:00:00+00:00,2026-01-28 15:00:00+00:00,2026-01-28 15:30:00+00:00,7023.0,7019.0,-4.0,Down,97718287769793122858710395077653805030875268008665181281710526808289121081921,2026-01-28 15:30:00+00:00,0.345,Down,1.0,0.655,last_le_cp2,0.655,100.0,289.8550724637681,189.85507246376812,6999.25,7007.25,False,False,0.0,0.0,,,0.0,0.0,100.0,189.85507246376812
1276986,NDX,ndx-up-or-down-on-january-28-2026,2026-01-28 21:00:00+00:00,2026-01-28 15:00:00+00:00,2026-01-28 15:30:00+00:00,26255.0,26226.25,-28.75,Down,89752522889291473881231654152068975993572220984643611377154916759171067679950,2026-01-28 15:30:00+00:00,0.16,Up,0.0,-0.16,last_le_cp2,-0.16,100.0,625.0,-100.0,26122.0,26161.75,False,False,0.0,0.0,,,0.0,0.0,100.0,-100.0
1282295,NDX,ndx-up-or-down-on-january-29-2026,2026-01-29 21:00:00+00:00,2026-01-29 15:00:00+00:00,2026-01-29 15:30:00+00:00,25810.0,25733.75,-76.25,Down,96775877351084465231171983853876664365261397547546717031931265323205546285314,2026-01-29 15:30:00+00:00,0.95,Down,1.0,0.05,last_le_cp2,0.05,100.0,105.26315789473685,5.2631578947368425,25843.0,25851.5,True,True,20.0,20.0,0.98,0.9875,0.4081632653061228,0.2531645569620244,140.0,5.924485717004989
1282271,SPX,spx-up-or-down-on-january-29-2026,2026-01-29 21:00:00+00:00,2026-01-29 15:00:00+00:00,2026-01-29 15:30:00+00:00,6956.75,6940.0,-16.75,Down,29109104495531428388781410405584727495261046394229888898601949987780441706786,2026-01-29 15:30:00+00:00,0.915,Down,1.0,0.0849999999999999,last_le_cp2,0.0849999999999999,100.0,109.2896174863388,9.289617486338786,6962.0,6963.75,True,True,20.0,20.0,0.9525,0.9725,0.9973753280839892,0.5655526992287911,140.0,10.852545513651565
1292374,SPX,spx-up-or-down-on-january-30-2026,2026-01-30 21:00:00+00:00,2026-01-30 15:00:00+00:00,2026-01-30 15:30:00+00:00,6967.25,6959.0,-8.25,Down,80508182044564598375977566692774393882021811309716189191672777597542267876186,2026-01-30 15:30:00+00:00,0.625,Down,1.0,0.375,last_le_cp2,0.375,100.0,160.0,60.0,6961.5,6957.25,True,False,20.0,0.0,0.91,,1.9780219780219774,0.0,120.0,61.97802197802198
1292393,NDX,ndx-up-or-down-on-january-30-2026,2026-01-30 21:00:00+00:00,2026-01-30 15:00:00+00:00,2026-01-30 15:30:00+00:00,25831.25,25779.75,-51.5,Down,6072844465385857748337812062394413567150951432839118281244860662222750720965,2026-01-30 15:30:00+00:00,0.74,Down,1.0,0.26,last_le_cp2,0.26,100.0,135.13513513513513,35.13513513513514,25786.5,25690.5,True,False,20.0,0.0,0.975,,0.5128205128205133,0.0,120.0,35.64795564795565
1298673,NDX,ndx-up-or-down-on-february-2-2026,2026-02-02 21:00:00+00:00,2026-02-02 15:00:00+00:00,2026-02-02 15:30:00+00:00,25743.25,25852.0,108.75,Up,7674308447374405018801222965497687139025252788174993024291737901581402114654,2026-02-02 15:30:00+00:00,0.885,Up,1.0,0.1149999999999999,last_le_cp2,0.1149999999999999,100.0,112.99435028248587,12.994350282485863,25911.25,25912.75,True,True,20.0,20.0,0.945,0.993,1.164021164021165,0.1409869083585097,140.0,14.299358354865538
1298653,SPX,spx-up-or-down-on-february-2-2026,2026-02-02 21:00:00+00:00,2026-02-02 15:00:00+00:00,2026-02-02 15:30:00+00:00,6973.25,6992.5,19.25,Up,34178449872469803990123516569021759343755110847128195954521770286973794444474,2026-02-02 15:30:00+00:00,0.88,Up,1.0,0.12,last_le_cp2,0.12,100.0,113.63636363636364,13.636363636363637,7009.75,7012.5,True,True,20.0,20.0,0.975,0.9935,0.5128205128205133,0.13085052843482536,140.0,14.280034677618975
1319041,SPX,spx-up-or-down-on-february-3-2026,2026-02-03 21:00:00+00:00,2026-02-03 15:00:00+00:00,2026-02-03 15:30:00+00:00,6976.25,6967.0,-9.25,Down,45562325055967316316593249598589401056935108793086107155888042428622502464493,2026-02-03 15:30:00+00:00,0.315,Down,1.0,0.685,last_le_cp2,0.685,100.0,317.46031746031747,217.46031746031747,6931.25,6905.25,False,False,0.0,0.0,,,0.0,0.0,100.0,217.46031746031747
1319069,NDX,ndx-up-or-down-on-february-3-2026,2026-02-03 21:00:00+00:00,2026-02-03 15:00:00+00:00,2026-02-03 15:30:00+00:00,25609.75,25534.5,-75.25,Down,29339115177398758052901334206254996869571117096284897481099136710034455619451,2026-02-03 15:30:00+00:00,0.21,Down,1.0,0.79,last_le_cp2,0.79,100.0,476.1904761904762,376.1904761904762,25401.75,25274.75,False,False,0.0,0.0,,,0.0,0.0,100.0,376.1904761904762
1325827,NDX,ndx-up-or-down-on-february-4-2026,2026-02-04 21:00:00+00:00,2026-02-04 15:00:00+00:00,2026-02-04 15:30:00+00:00,25152.5,25217.5,65.0,Up,82042509770118576950623981837812919957612508331204734540479164809031668983987,2026-02-04 15:30:00+00:00,0.175,Down,0.0,-0.175,last_le_cp2,-0.175,100.0,571.4285714285714,-100.0,24876.0,24978.25,False,False,0.0,0.0,,,0.0,0.0,100.0,-100.0
1325806,SPX,spx-up-or-down-on-february-4-2026,2026-02-04 21:00:00+00:00,2026-02-04 15:00:00+00:00,2026-02-04 15:30:00+00:00,6918.5,6939.5,21.0,Up,68859519117902166598205579839918633328586755616678032794280798802163320940172,2026-02-04 15:30:00+00:00,0.47,Down,0.0,-0.47,last_le_cp2,-0.47,100.0,212.76595744680853,-100.0,6879.0,6902.25,False,False,0.0,0.0,,,0.0,0.0,100.0,-100.0
1333011,SPX,spx-up-or-down-on-february-5-2026,2026-02-05 21:00:00+00:00,2026-02-05 15:00:00+00:00,2026-02-05 15:30:00+00:00,6840.75,6814.5,-26.25,Down,44551539988811316766489868833487776758219600570183494410604549494886145149740,2026-02-05 15:30:00+00:00,0.915,Down,1.0,0.0849999999999999,last_le_cp2,0.0849999999999999,100.0,109.2896174863388,9.289617486338786,6859.25,6840.25,True,True,20.0,20.0,0.945,0.9765,1.164021164021165,0.48131080389144837,140.0,10.934949454251399
1333030,NDX,ndx-up-or-down-on-february-5-2026,2026-02-05 21:00:00+00:00,2026-02-05 15:00:00+00:00,2026-02-05 15:30:00+00:00,24725.0,24610.5,-114.5,Down,38790919844576676321995968868499168181540714938821190557059036862753834685003,2026-02-05 15:30:00+00:00,0.9,Down,1.0,0.0999999999999999,last_le_cp2,0.0999999999999999,100.0,111.11111111111111,11.1111111111111,24841.75,24734.0,True,True,20.0,20.0,0.86,0.9425,3.255813953488372,1.2201591511936338,140.0,15.587084215793107
1339403,NDX,ndx-up-or-down-on-february-6-2026,2026-02-06 21:00:00+00:00,2026-02-06 15:00:00+00:00,2026-02-06 15:30:00+00:00,24844.5,24888.5,44.0,Up,112965448554285333021653480744768318682702118790269017997618672275481902977804,2026-02-06 15:30:00+00:00,0.83,Up,1.0,0.17,last_le_cp2,0.17,100.0,120.48192771084338,20.481927710843376,25075.25,25102.5,True,True,20.0,20.0,0.9835,0.994,0.3355363497712244,0.12072434607645885,140.0,20.938188406691058
1339381,SPX,spx-up-or-down-on-february-6-2026,2026-02-06 21:00:00+00:00,2026-02-06 15:00:00+00:00,2026-02-06 15:30:00+00:00,6891.5,6895.5,4.0,Up,43472509777264176234714984662473482934972992807900819152645330049954321271565,2026-02-06 15:30:00+00:00,0.915,Up,1.0,0.0849999999999999,last_le_cp2,0.0849999999999999,100.0,109.2896174863388,9.289617486338786,6927.75,6936.25,True,True,20.0,20.0,0.9905,0.9975,0.19182231196365376,0.05012531328320695,140.0,9.531565111585646
1345064,NDX,ndx-up-or-down-on-february-9-2026,2026-02-09 21:00:00+00:00,2026-02-09 15:00:00+00:00,2026-02-09 15:30:00+00:00,25111.5,25228.0,116.5,Up,26729632251671574685944156132999991687106728789276125205621029095023864797183,2026-02-09 15:30:00+00:00,0.61,Up,1.0,0.39,last_le_cp2,0.39,100.0,163.9344262295082,63.934426229508205,25385.5,25417.75,True,True,20.0,20.0,0.97,0.959,0.6185567010309284,0.8550573514077171,140.0,65.40804028194685
1345042,SPX,spx-up-or-down-on-february-9-2026,2026-02-09 21:00:00+00:00,2026-02-09 15:00:00+00:00,2026-02-09 15:30:00+00:00,6945.5,6969.5,24.0,Up,66520907114287255188406858999766950599963547790327919558162019673481077592476,2026-02-09 15:30:00+00:00,0.675,Up,1.0,0.3249999999999999,last_le_cp2,0.3249999999999999,100.0,148.14814814814815,48.14814814814814,6993.25,6998.5,True,True,20.0,20.0,0.955,0.986,0.9424083769633518,0.2839756592292092,140.0,49.374532184340694
1359288,SPX,spx-up-or-down-on-february-10-2026,2026-02-10 21:00:00+00:00,2026-02-10 15:00:00+00:00,2026-02-10 15:30:00+00:00,6996.5,7003.0,6.5,Up,39269041257784363607899491299415314986415862996807122796190774996845503965407,2026-02-10 15:30:00+00:00,0.685,Down,0.0,-0.685,last_le_cp2,-0.685,100.0,145.985401459854,-99.99999999999999,6991.5,6980.25,False,False,0.0,0.0,,,0.0,0.0,100.0,-99.99999999999999
1359309,NDX,ndx-up-or-down-on-february-10-2026,2026-02-10 21:00:00+00:00,2026-02-10 15:00:00+00:00,2026-02-10 15:30:00+00:00,25384.5,25421.75,37.25,Up,29349641384652193503386384344518900352718251187214681107835803380118092741996,2026-02-10 15:30:00+00:00,0.61,Down,0.0,-0.61,last_le_cp2,-0.61,100.0,163.9344262295082,-100.0,25360.75,25304.75,False,False,0.0,0.0,,,0.0,0.0,100.0,-100.0
1362708,NDX,ndx-up-or-down-on-february-11-2026,2026-02-11 21:00:00+00:00,2026-02-11 15:00:00+00:00,2026-02-11 15:30:00+00:00,25308.0,25100.5,-207.5,Down,80522628278922784020157819360819954427833334239624857145911307337747937850940,2026-02-11 15:30:00+00:00,0.72,Up,0.0,-0.72,last_le_cp2,-0.72,100.0,138.88888888888889,-100.0,25278.25,25335.75,True,True,20.0,20.0,0.4,0.14,-20.0,-20.0,140.0,-140.0
1362689,SPX,spx-up-or-down-on-february-11-2026,2026-02-11 21:00:00+00:00,2026-02-11 15:00:00+00:00,2026-02-11 15:30:00+00:00,6981.5,6938.5,-43.0,Down,115218229302565671625625902073013712837726955687607633521905652434648944423919,2026-02-11 15:30:00+00:00,0.76,Down,1.0,0.24,last_le_cp2,0.24,100.0,131.57894736842104,31.578947368421048,6972.75,6973.5,True,True,20.0,20.0,0.42,0.19,27.619047619047624,85.26315789473684,140.0,144.4611528822055
1365919,SPX,spx-up-or-down-on-february-12-2026,2026-02-12 21:00:00+00:00,2026-02-12 15:00:00+00:00,2026-02-12 15:30:00+00:00,6964.0,6973.0,9.0,Up,78340647555440226345362737101985599859817552311687093268267747757871641753349,2026-02-12 15:30:00+00:00,0.605,Down,0.0,-0.605,last_le_cp2,-0.605,100.0,165.28925619834712,-100.0,6879.75,6881.75,False,False,0.0,0.0,,,0.0,0.0,100.0,-100.0
1365941,NDX,ndx-up-or-down-on-february-12-2026,2026-02-12 21:00:00+00:00,2026-02-12 15:00:00+00:00,2026-02-12 15:30:00+00:00,25188.0,25250.25,62.25,Up,63327789513904230612152969531514041717579790066675978953116321553994027726562,2026-02-12 15:30:00+00:00,0.375,Down,0.0,-0.375,last_le_cp2,-0.375,100.0,266.6666666666667,-100.0,24870.5,24884.5,False,False,0.0,0.0,,,0.0,0.0,100.0,-100.0
1369204,SPX,spx-up-or-down-on-february-13-2026,2026-02-13 21:00:00+00:00,2026-02-13 15:00:00+00:00,2026-02-13 15:30:00+00:00,6844.0,6873.5,29.5,Up,35535351725651933979580848238223392562699809487460934434226324597418760944859,2026-02-13 15:30:00+00:00,0.525,Up,1.0,0.475,last_le_cp2,0.475,100.0,190.47619047619048,90.47619047619048,6890.75,6882.75,True,True,20.0,20.0,0.915,0.9545,1.8579234972677587,0.9533787323205865,140.0,93.28749270577883
1369233,NDX,ndx-up-or-down-on-february-13-2026,2026-02-13 21:00:00+00:00,2026-02-13 15:00:00+00:00,2026-02-13 15:30:00+00:00,24754.5,24894.25,139.75,Up,72167908275295428393825861287107575518841244804705844778866746976816014264126,2026-02-13 15:30:00+00:00,0.56999999,Up,1.0,0.43000001,last_le_cp2,0.43000001,100.0,175.43859956909824,75.43859956909824,24960.25,24937.0,True,True,20.0,20.0,0.91,0.9695,1.9780219780219774,0.6291903042805563,140.0,78.04581185140077
1372415,SPX,spx-up-or-down-on-february-17-2026,2026-02-17 21:00:00+00:00,2026-02-17 15:00:00+00:00,2026-02-17 15:30:00+00:00,6802.25,6803.25,1.0,Up,17061949051905241565095750795234808957379103416793602082234651456759299416834,2026-02-17 15:30:00+00:00,0.245,,0.0,-0.245,last_le_cp2,-0.245,100.0,408.16326530612247,-100.0,6853.25,6874.0,True,True,20.0,20.0,0.2,0.2,-20.0,-20.0,140.0,-140.0
1372450,NDX,ndx-up-or-down-on-february-17-2026,2026-02-17 21:00:00+00:00,2026-02-17 15:00:00+00:00,2026-02-17 15:30:00+00:00,24500.75,24505.75,5.0,Up,31028955908739460816476745894837567832812182308905558681176519015575543895514,2026-02-17 15:30:00+00:00,0.15,,0.0,-0.15,last_le_cp2,-0.15,100.0,666.6666666666667,-100.00000000000001,24734.25,24837.25,True,True,20.0,20.0,0.13,0.13,-20.0,-20.0,140.0,-140.0
